{
    "0": [
        "Anim 0",
        "stand",
        6,
        "Character",
        "",
        "False"
    ],
    "1": [
        "Anim 1",
        "stand_turn",
        44,
        "Character",
        "",
        "False"
    ],
    "2": [
        "Anim 2",
        "crouch_turn",
        52,
        "Character",
        "",
        "False"
    ],
    "3": [
        "Anim 3",
        "crouch_in",
        59,
        "Character",
        "",
        "False"
    ],
    "4": [
        "Anim 4",
        "crouch_loop",
        66,
        "Character",
        "",
        "False"
    ],
    "5": [
        "Anim 5",
        "crouch_out",
        73,
        "Character",
        "",
        "False"
    ],
    "6": [
        "Anim 6",
        "walk_in",
        81,
        "Character",
        "",
        "False"
    ],
    "7": [
        "Anim 7",
        "walk_back",
        103,
        "Character",
        "",
        "False"
    ],
    "8": [
        "Anim 8",
        "jump_squat",
        125,
        "Character",
        "",
        "False"
    ],
    "9": [
        "Anim 9",
        "jump_in",
        132,
        "Character",
        "",
        "False"
    ],
    "10": [
        "Anim 10",
        "jump_forward",
        152,
        "Character",
        "",
        "False"
    ],
    "11": [
        "Anim 11",
        "jump_backward",
        184,
        "Character",
        "",
        "False"
    ],
    "12": [
        "Anim 12",
        "land_light",
        216,
        "Character",
        "",
        "False"
    ],
    "13": [
        "Anim 13",
        "jump_something",
        223,
        "Character",
        "",
        "False"
    ],
    "14": [
        "Anim 14",
        "dash",
        243,
        "Character",
        "",
        "False"
    ],
    "15": [
        "Anim 15",
        "backdash",
        263,
        "Character",
        "",
        "False"
    ],
    "16": [
        "Anim 16",
        "shield_in",
        271,
        "Character",
        "",
        "False"
    ],
    "17": [
        "Anim 17",
        "shield_in_crouch",
        278,
        "Character",
        "",
        "False"
    ],
    "18": [
        "Anim 18",
        "shield_in_air",
        285,
        "Character",
        "",
        "False"
    ],
    "19": [
        "Anim 19",
        "shield_loop",
        293,
        "Character",
        "",
        "False"
    ],
    "20": [
        "Anim 20",
        "shield_loop_crouch",
        300,
        "Character",
        "",
        "False"
    ],
    "21": [
        "Anim 21",
        "shield_loop_air",
        307,
        "Character",
        "",
        "False"
    ],
    "22": [
        "Anim 22",
        "shield_out",
        315,
        "Character",
        "",
        "False"
    ],
    "23": [
        "Anim 23",
        "shield_out_crouch",
        322,
        "Character",
        "",
        "False"
    ],
    "24": [
        "Anim 24",
        "shield_out_air",
        329,
        "Character",
        "",
        "False"
    ],
    "25": [
        "Anim 25",
        "shield_hurt",
        337,
        "Character",
        "",
        "False"
    ],
    "26": [
        "Anim 26",
        "shield_hurt_crouch",
        344,
        "Character",
        "",
        "False"
    ],
    "27": [
        "Anim 27",
        "shield_hurt_air",
        351,
        "Character",
        "",
        "False"
    ],
    "28": [
        "Anim 28",
        "lose",
        359,
        "Character",
        "",
        "False"
    ],
    "29": [
        "Anim 29",
        "win",
        363,
        "Character",
        "",
        "False"
    ],
    "30": [
        "Anim 30",
        "win2",
        371,
        "Character",
        "",
        "False"
    ],
    "31": [
        "Anim 31",
        "idk",
        387,
        "Character",
        "",
        "False"
    ],
    "32": [
        "Anim 32",
        "intro1",
        393,
        "Character",
        "",
        "False"
    ],
    "33": [
        "Anim 33",
        "intro2",
        414,
        "Character",
        "",
        "False"
    ],
    "34": [
        "Anim 34",
        "wtf",
        439,
        "Character",
        "",
        "False"
    ],
    "35": [
        "Anim 35",
        "emote",
        445,
        "Character",
        "",
        "False"
    ],
    "36": [
        "Anim 36",
        "jab1",
        488,
        "Character",
        "",
        "False"
    ],
    "37": [
        "Anim 37",
        "strong_up_in",
        517,
        "Character",
        "",
        "False"
    ],
    "38": [
        "Anim 38",
        "titl_forward",
        558,
        "Character",
        "",
        "False"
    ],
    "39": [
        "Anim 39",
        "up_tilt",
        591,
        "Character",
        "",
        "False"
    ],
    "40": [
        "Anim 40",
        "strong_forward_in",
        629,
        "Character",
        "",
        "False"
    ],
    "41": [
        "Anim 41",
        "parry_in",
        689,
        "Character",
        "",
        "False"
    ],
    "42": [
        "Anim 42",
        "roll",
        697,
        "Character",
        "",
        "False"
    ],
    "43": [
        "Anim 43",
        "roll2",
        706,
        "Character",
        "",
        "False"
    ],
    "44": [
        "Anim 44",
        "dash_attack",
        715,
        "Character",
        "",
        "False"
    ],
    "45": [
        "Anim 45",
        "ledge_attack",
        764,
        "Character",
        "",
        "False"
    ],
    "46": [
        "Anim 46",
        "tilt_down",
        786,
        "Character",
        "",
        "False"
    ],
    "47": [
        "Anim 47",
        "crash_attack",
        822,
        "Character",
        "",
        "False"
    ],
    "48": [
        "Anim 48",
        "strong_down_in",
        840,
        "Character",
        "",
        "False"
    ],
    "49": [
        "Anim 49",
        "aerial_up",
        871,
        "Character",
        "",
        "False"
    ],
    "50": [
        "Anim 50",
        "aerial_forward",
        898,
        "Character",
        "",
        "False"
    ],
    "51": [
        "Anim 51",
        "aerial_neutral",
        933,
        "Character",
        "",
        "False"
    ],
    "52": [
        "Anim 52",
        "aerial_down",
        958,
        "Character",
        "",
        "False"
    ],
    "53": [
        "Anim 53",
        "aerial_back",
        987,
        "Character",
        "",
        "False"
    ],
    "54": [
        "Anim 54",
        "tagteam",
        1043,
        "Character",
        "",
        "False"
    ],
    "55": [
        "Anim 55",
        "down_special",
        1052,
        "Character",
        "",
        "False"
    ],
    "56": [
        "Anim 56",
        "down_special2",
        1067,
        "Character",
        "",
        "False"
    ],
    "57": [
        "Anim 57",
        "down_special3",
        1085,
        "Character",
        "",
        "False"
    ],
    "58": [
        "Anim 58",
        "grab",
        1095,
        "Character",
        "",
        "False"
    ],
    "59": [
        "Anim 59",
        "throw_back",
        1105,
        "Character",
        "",
        "False"
    ],
    "60": [
        "Anim 60",
        "hurt_something",
        1116,
        "Character",
        "",
        "False"
    ],
    "61": [
        "Anim 61",
        "throw_forward",
        1128,
        "Character",
        "",
        "False"
    ],
    "62": [
        "Anim 62",
        "",
        1144,
        "Character",
        "",
        "False"
    ],
    "63": [
        "Anim 63",
        "no name 0",
        1160,
        "Character",
        "",
        "False"
    ],
    "64": [
        "Anim 64",
        "no name 1",
        1176,
        "Character",
        "",
        "False"
    ],
    "65": [
        "Anim 65",
        "no name 2",
        1215,
        "Character",
        "",
        "False"
    ],
    "66": [
        "Anim 66",
        "projectileSpawn",
        1229,
        "Character",
        "",
        "False"
    ],
    "67": [
        "Anim 67",
        "projectileDestroy",
        1244,
        "Character",
        "",
        "False"
    ],
    "68": [
        "Anim 68",
        "no name 3",
        1255,
        "Character",
        "",
        "False"
    ],
    "69": [
        "Anim 69",
        "no name 4",
        1270,
        "Character",
        "",
        "False"
    ],
    "70": [
        "Anim 70",
        "no name 5",
        1281,
        "Character",
        "",
        "False"
    ],
    "71": [
        "Anim 71",
        "no name 6",
        1296,
        "Character",
        "",
        "False"
    ],
    "72": [
        "Anim 72",
        "no name 7",
        1312,
        "Character",
        "",
        "False"
    ],
    "73": [
        "Anim 73",
        "no name 8",
        1347,
        "Character",
        "",
        "False"
    ],
    "74": [
        "Anim 74",
        "no name 9",
        1363,
        "Character",
        "",
        "False"
    ],
    "75": [
        "Anim 75",
        "no name 10",
        1404,
        "Character",
        "",
        "False"
    ],
    "76": [
        "Anim 76",
        "no name 11",
        1413,
        "Character",
        "",
        "False"
    ],
    "77": [
        "Anim 77",
        "no name 12",
        1434,
        "Character",
        "",
        "False"
    ],
    "78": [
        "Anim 78",
        "no name 13",
        1445,
        "Character",
        "",
        "False"
    ],
    "79": [
        "Anim 79",
        "no name 14",
        1469,
        "Character",
        "",
        "False"
    ],
    "80": [
        "Anim 80",
        "no name 15",
        1476,
        "Character",
        "",
        "False"
    ],
    "81": [
        "Anim 81",
        "no name 16",
        1499,
        "Character",
        "",
        "False"
    ],
    "82": [
        "Anim 82",
        "no name 17",
        1506,
        "Character",
        "",
        "False"
    ],
    "83": [
        "Anim 83",
        "no name 18",
        1520,
        "Character",
        "",
        "False"
    ],
    "84": [
        "Anim 84",
        "no name 19",
        1551,
        "Character",
        "",
        "False"
    ],
    "85": [
        "Anim 85",
        "no name 20",
        1558,
        "Character",
        "",
        "False"
    ],
    "86": [
        "Anim 86",
        "no name 21",
        1617,
        "Character",
        "",
        "False"
    ],
    "87": [
        "Anim 87",
        "no name 22",
        1631,
        "Character",
        "",
        "False"
    ],
    "88": [
        "Anim 88",
        "no name 23",
        1697,
        "Character",
        "",
        "False"
    ],
    "89": [
        "Anim 89",
        "no name 24",
        1791,
        "Character",
        "",
        "False"
    ],
    "90": [
        "Anim 90",
        "no name 25",
        1806,
        "Character",
        "",
        "False"
    ],
    "91": [
        "Anim 91",
        "no name 26",
        1824,
        "Character",
        "",
        "False"
    ],
    "92": [
        "Anim 92",
        "no name 27",
        1867,
        "Character",
        "",
        "False"
    ],
    "93": [
        "Anim 93",
        "no name 28",
        1896,
        "Character",
        "",
        "False"
    ],
    "94": [
        "Anim 94",
        "no name 29",
        1925,
        "Character",
        "",
        "False"
    ],
    "95": [
        "Anim 95",
        "no name 30",
        1954,
        "Character",
        "",
        "False"
    ],
    "96": [
        "Anim 96",
        "no name 31",
        1963,
        "Character",
        "",
        "False"
    ],
    "97": [
        "Anim 97",
        "no name 32",
        1970,
        "Character",
        "",
        "False"
    ],
    "98": [
        "Anim 98",
        "no name 33",
        1982,
        "Character",
        "",
        "False"
    ],
    "99": [
        "Anim 99",
        "no name 34",
        2033,
        "Character",
        "",
        "False"
    ],
    "100": [
        "Anim 100",
        "no name 35",
        2078,
        "Character",
        "",
        "False"
    ],
    "101": [
        "Anim 101",
        "no name 36",
        2107,
        "Character",
        "",
        "False"
    ],
    "102": [
        "Anim 102",
        "no name 37",
        2173,
        "Character",
        "",
        "False"
    ],
    "103": [
        "Anim 103",
        "no name 38",
        2273,
        "Character",
        "",
        "False"
    ],
    "104": [
        "Anim 104",
        "no name 39",
        2580,
        "Character",
        "",
        "False"
    ],
    "105": [
        "Anim 105",
        "no name 40",
        2705,
        "Character",
        "",
        "False"
    ],
    "106": [
        "Anim 106",
        "no name 41",
        2880,
        "Character",
        "",
        "False"
    ],
    "107": [
        "Anim 107",
        "no name 42",
        2926,
        "Character",
        "",
        "False"
    ],
    "108": [
        "Anim 108",
        "no name 43",
        2998,
        "Character",
        "",
        "False"
    ],
    "109": [
        "Anim 109",
        "no name 44",
        3005,
        "Character",
        "",
        "False"
    ],
    "110": [
        "Anim 110",
        "Stand/Air Hit high (light)",
        3010,
        "Character",
        "",
        "False"
    ],
    "111": [
        "Anim 111",
        "Stand/Air Hit high (medium)",
        3018,
        "Character",
        "",
        "False"
    ],
    "112": [
        "Anim 112",
        "Stand/Air Hit high (hard)",
        3026,
        "Character",
        "",
        "False"
    ],
    "113": [
        "Anim 113",
        "Stand Recover high (light)",
        3034,
        "Character",
        "",
        "False"
    ],
    "114": [
        "Anim 114",
        "Stand Recover high (medium)",
        3042,
        "Character",
        "",
        "False"
    ],
    "115": [
        "Anim 115",
        "Stand Recover high (hard)",
        3050,
        "Character",
        "",
        "False"
    ],
    "116": [
        "Anim 116",
        "Stand/Air Hit low (light)",
        3058,
        "Character",
        "",
        "False"
    ],
    "117": [
        "Anim 117",
        "Stand/Air Hit low (medium)",
        3065,
        "Character",
        "",
        "False"
    ],
    "118": [
        "Anim 118",
        "Stand/Air Hit low (hard)",
        3072,
        "Character",
        "",
        "False"
    ],
    "119": [
        "Anim 119",
        "Stand Recover low (light)",
        3081,
        "Character",
        "",
        "False"
    ],
    "120": [
        "Anim 120",
        "Stand Recover low (medium)",
        3088,
        "Character",
        "",
        "False"
    ],
    "121": [
        "Anim 121",
        "Stand Recover low (hard)",
        3095,
        "Character",
        "",
        "False"
    ],
    "122": [
        "Anim 122",
        "Crouch Hit (light)",
        3102,
        "Character",
        "",
        "False"
    ],
    "123": [
        "Anim 123",
        "Crouch Hit (medium)",
        3110,
        "Character",
        "",
        "False"
    ],
    "124": [
        "Anim 124",
        "Crouch Hit (hard)",
        3118,
        "Character",
        "",
        "False"
    ],
    "125": [
        "Anim 125",
        "Crouch Recover (light)",
        3126,
        "Character",
        "",
        "False"
    ],
    "126": [
        "Anim 126",
        "Crouch Recover (medium)",
        3134,
        "Character",
        "",
        "False"
    ],
    "127": [
        "Anim 127",
        "Crouch Recover (hard)",
        3142,
        "Character",
        "",
        "False"
    ],
    "128": [
        "Anim 128",
        "Stand/Air Hit back",
        3150,
        "Character",
        "",
        "False"
    ],
    "129": [
        "Anim 129",
        "Stand/Air Hit transition",
        3157,
        "Character",
        "",
        "False"
    ],
    "130": [
        "Anim 130",
        "Air Recover",
        3168,
        "Character",
        "",
        "False"
    ],
    "131": [
        "Anim 131",
        "Air Fall (going up)",
        3190,
        "Character",
        "",
        "False"
    ],
    "132": [
        "Anim 132",
        "Air Fall (up-type, going up)",
        3197,
        "Character",
        "",
        "False"
    ],
    "133": [
        "Anim 133",
        "Air Fall (up-type, coming down)",
        3204,
        "Character",
        "",
        "False"
    ],
    "134": [
        "Anim 134",
        "Tripped",
        3219,
        "Character",
        "",
        "False"
    ],
    "135": [
        "Anim 135",
        "LieDown Hit (stay down)",
        3235,
        "Character",
        "",
        "False"
    ],
    "136": [
        "Anim 136",
        "LieDown Hit (hit up into air)",
        3251,
        "Character",
        "",
        "False"
    ],
    "137": [
        "Anim 137",
        "Hit ground from fall",
        3258,
        "Character",
        "",
        "False"
    ],
    "138": [
        "Anim 138",
        "Hit ground from fall (up-type)",
        3267,
        "Character",
        "",
        "False"
    ],
    "139": [
        "Anim 139",
        "LieDown",
        3276,
        "Character",
        "",
        "False"
    ],
    "140": [
        "Anim 140",
        "Get up from LieDown",
        3282,
        "Character",
        "",
        "False"
    ],
    "141": [
        "Anim 141",
        "LieDead animation",
        3287,
        "Character",
        "",
        "False"
    ],
    "142": [
        "Anim 142",
        "Bounce into air",
        3291,
        "Character",
        "",
        "False"
    ],
    "143": [
        "Anim 143",
        "Hit ground from bounce",
        3298,
        "Character",
        "",
        "False"
    ],
    "144": [
        "Anim 144",
        "Fall-recovery near ground",
        3307,
        "Character",
        "",
        "False"
    ],
    "145": [
        "Anim 145",
        "Fall-recovery in mid-air",
        3316,
        "Character",
        "",
        "False"
    ],
    "146": [
        "Anim 146",
        "Dizzy",
        3338,
        "Character",
        "",
        "False"
    ],
    "147": [
        "Anim 147",
        "no name 45",
        3358,
        "Character",
        "",
        "False"
    ],
    "148": [
        "Anim 148",
        "Hit by Fast Kung Fu Palm",
        3362,
        "Character",
        "",
        "False"
    ],
    "149": [
        "Anim 149",
        "Hit by Fast Kung Fu Palm - hit wall",
        3368,
        "Character",
        "",
        "False"
    ]
}